2018-07-16 11:42:12;przelew do Norberta 1;100.00;74105014161000009203793907;29116022020000000311935598;PLN
2018-07-16 11:42:10;przelew do Tomka 2;100.00;29116022020000000311935598;74105014161000009203793907;PLN
2018-07-16 11:42:12;przelew do Norberta 3;100.00;74105014161000009203793907;29116022020000000311935598;PLN
2018-07-19 11:42:10;przelew do Tomka 2;100.00;29116022020000000311935598;74105014161000009203793907;PLN
2018-07-19 11:42:12;przelew do Norberta 3;100.00;74105014161000009203793907;29116022020000000311935598;PLN
2018-07-19 11:42:10;przelew do Tomka 3;100.00;29116022020000000311935598;74105014161000009203793907;PLN
2018-07-19 11:42:12;przelew do Norberta 4;100.00;74105014161000009203793907;29116022020000000311935598;PLN
2018-07-21 11:42:10;przelew do Tomka 4;100.00;29116022020000000311935598;74105014161000009203793907;PLN
2018-07-21 11:42:12;przelew do Norberta 5;100.00;74105014161000009203793907;29116022020000000311935598;PLN
2018-07-22 11:42:10;przelew do Tomka 5;100.00;29116022020000000311935598;74105014161000009203793907;PLN
2018-07-22 11:42:12;przelew do Norberta 6;100.00;74105014161000009203793907;29116022020000000311935598;PLN
2018-07-22 11:42:10;przelew do Tomka 6;100.00;29116022020000000311935598;74105014161000009203793907;PLN
2018-07-22 11:42:12;przelew do Norberta 7;100.00;74105014161000009203793907;29116022020000000311935598;PLN
2018-07-23 11:42:10;przelew do Tomka 7;100.00;29116022020000000311935598;74105014161000009203793907;PLN
2018-07-23 11:42:12;przelew do Norberta 8;100.00;74105014161000009203793907;29116022020000000311935598;PLN
2018-07-23 11:42:10;przelew do Tomka 8;100.00;29116022020000000311935598;74105014161000009203793907;PLN
2018-07-23 11:42:12;przelew do Norberta 9;100.00;74105014161000009203793907;29116022020000000311935598;PLN
2018-07-23 11:42:10;przelew do Tomka 9;100.00;29116022020000000311935598;74105014161000009203793907;PLN
2018-07-24 11:42:12;przelew do Norberta 10;100.00;74105014161000009203793907;29116022020000000311935598;PLN
2018-07-24 11:42:10;przelew do Tomka 10;100.00;29116022020000000311935598;74105014161000009203793907;PLN
2018-07-24 11:42:12;przelew do Norberta 11;100.00;74105014161000009203793907;29116022020000000311935598;PLN
2018-07-24 11:42:10;przelew do Tomka 11;100.00;29116022020000000311935598;74105014161000009203793907;PLN
2018-07-25 11:42:12;przelew do Norberta 12;100.00;74105014161000009203793907;29116022020000000311935598;PLN
2018-07-25 11:42:10;przelew do Tomka 12;100.00;29116022020000000311935598;74105014161000009203793907;PLN
2018-07-16 11:42:12;przelew do Norberta 13;100.00;74105014161000009203793907;29116022020000000311935598;PLN
2018-07-16 11:42:10;przelew do Tomka 14;100.00;29116022020000000311935598;74105014161000009203793907;PLN
2018-07-16 11:42:12;przelew do Norberta 15;100.00;74105014161000009203793907;29116022020000000311935598;PLN
2018-07-19 11:42:10;przelew do Tomka 14;100.00;29116022020000000311935598;74105014161000009203793907;PLN
2018-07-19 11:42:12;przelew do Norberta 15;100.00;74105014161000009203793907;29116022020000000311935598;PLN
2018-07-19 11:42:10;przelew do Tomka 15;100.00;29116022020000000311935598;74105014161000009203793907;PLN
2018-07-19 11:42:12;przelew do Norberta 16;100.00;74105014161000009203793907;29116022020000000311935598;PLN
2018-07-21 11:42:10;przelew do Tomka 16;100.00;29116022020000000311935598;74105014161000009203793907;PLN
2018-07-21 11:42:12;przelew do Norberta 17;100.00;74105014161000009203793907;29116022020000000311935598;PLN
2018-07-22 11:42:10;przelew do Tomka 17;100.00;29116022020000000311935598;74105014161000009203793907;PLN
2018-07-22 11:42:12;przelew do Norberta 18;100.00;74105014161000009203793907;29116022020000000311935598;PLN
2018-07-22 11:42:10;przelew do Tomka 18;100.00;29116022020000000311935598;74105014161000009203793907;PLN
2018-07-22 11:42:12;przelew do Norberta 19;100.00;74105014161000009203793907;29116022020000000311935598;PLN
2018-07-23 11:42:10;przelew do Tomka 19;100.00;29116022020000000311935598;74105014161000009203793907;PLN
2018-07-23 11:42:12;przelew do Norberta 20;100.00;74105014161000009203793907;29116022020000000311935598;PLN
2018-07-23 11:42:10;przelew do Tomka 20;100.00;29116022020000000311935598;74105014161000009203793907;PLN
2018-07-23 11:42:12;przelew do Norberta 21;100.00;74105014161000009203793907;29116022020000000311935598;PLN
2018-07-23 11:42:10;przelew do Tomka 21;100.00;29116022020000000311935598;74105014161000009203793907;PLN
2018-07-24 11:42:12;przelew do Norberta 22;100.00;74105014161000009203793907;29116022020000000311935598;PLN
2018-07-24 11:42:10;przelew do Tomka 22;100.00;29116022020000000311935598;74105014161000009203793907;PLN
2018-07-24 11:42:12;przelew do Norberta 23;100.00;74105014161000009203793907;29116022020000000311935598;PLN
2018-07-24 11:42:10;przelew do Tomka 23;100.00;29116022020000000311935598;74105014161000009203793907;PLN
2018-07-25 11:42:12;przelew do Norberta 24;100.00;74105014161000009203793907;29116022020000000311935598;PLN
2018-07-25 11:42:10;przelew do Tomka 24;100.00;29116022020000000311935598;74105014161000009203793907;PLN
2018-07-16 11:42:12;przelew do Norberta 25;100.00;74105014161000009203793907;29116022020000000311935598;PLN
2018-07-16 11:42:10;przelew do Tomka 26;100.00;29116022020000000311935598;74105014161000009203793907;PLN
2018-07-16 11:42:12;przelew do Norberta 27;100.00;74105014161000009203793907;29116022020000000311935598;PLN
2018-07-19 11:42:10;przelew do Tomka 26;100.00;29116022020000000311935598;74105014161000009203793907;PLN
2018-07-19 11:42:12;przelew do Norberta 27;100.00;74105014161000009203793907;29116022020000000311935598;PLN
2018-07-19 11:42:10;przelew do Tomka 27;100.00;29116022020000000311935598;74105014161000009203793907;PLN
2018-07-19 11:42:12;przelew do Norberta 28;100.00;74105014161000009203793907;29116022020000000311935598;PLN
2018-07-21 11:42:10;przelew do Tomka 28;100.00;29116022020000000311935598;74105014161000009203793907;PLN
2018-07-21 11:42:12;przelew do Norberta 29;100.00;74105014161000009203793907;29116022020000000311935598;PLN
2018-07-22 11:42:10;przelew do Tomka 29;100.00;29116022020000000311935598;74105014161000009203793907;PLN
2018-07-22 11:42:12;przelew do Norberta 30;100.00;74105014161000009203793907;29116022020000000311935598;PLN
2018-07-22 11:42:10;przelew do Tomka 30;100.00;29116022020000000311935598;74105014161000009203793907;PLN
2018-07-22 11:42:12;przelew do Norberta 31;100.00;74105014161000009203793907;29116022020000000311935598;PLN
2018-07-23 11:42:10;przelew do Tomka 31;100.00;29116022020000000311935598;74105014161000009203793907;PLN
2018-07-23 11:42:12;przelew do Norberta 32;100.00;74105014161000009203793907;29116022020000000311935598;PLN
2018-07-23 11:42:10;przelew do Tomka 32;100.00;29116022020000000311935598;74105014161000009203793907;PLN
2018-07-23 11:42:12;przelew do Norberta 33;100.00;74105014161000009203793907;29116022020000000311935598;PLN
2018-07-23 11:42:10;przelew do Tomka 33;100.00;29116022020000000311935598;74105014161000009203793907;PLN
2018-07-24 11:42:12;przelew do Norberta 34;100.00;74105014161000009203793907;29116022020000000311935598;PLN
2018-07-24 11:42:10;przelew do Tomka 34;100.00;29116022020000000311935598;74105014161000009203793907;PLN
2018-07-24 11:42:12;przelew do Norberta 35;100.00;74105014161000009203793907;29116022020000000311935598;PLN
2018-07-24 11:42:10;przelew do Tomka 35;100.00;29116022020000000311935598;74105014161000009203793907;PLN
2018-07-25 11:42:12;przelew do Norberta 36;100.00;74105014161000009203793907;29116022020000000311935598;PLN
2018-07-25 11:42:10;przelew do Tomka 36;100.00;29116022020000000311935598;74105014161000009203793907;PLN
